I,Ilp,Ipp,Isp,It,Isi,Isi1
0.406006,0.406002,0.406005,0.406003,0.406003,0.406003,0.406004
